"FROM ORG ID/ID DE L'ORGANISATION DE DÉPART","FROM ORG PATH/CHEMIN POUR L'ORGANISATION DE DÉPART","RELATIONSHIP TYPE ID/ID DU TYPE DE LIEN","RELATIONSHIP TYPE LABEL/NOM DU TYPE DE LIEN","TO ORG ID/ID DE L'ORGANISATION DE DESTINATION","TO ORG PATH/CHEMIN POUR L'ORGANISATION DE DESTINATION","TO POSITION ID/ID DU POSTE DE DESTINATION","TO POSITION TITLE/TITRE DU POSTE DE DESTINATION","RELATIONSHIP TYPE LABEL FR/NOM DU TYPE DE LIEN (FR)"
1840,Academic and Experience Requirements Committee of the Association of Ontario Land Surveyors,-332,Reporting To,1183,Natural Resources and Forestry,,,Relève de
1133,Advertising Review Board,-332,Reporting To,1102,Government and Consumer Services,,,Relève de
4012,Advisory Council on Drinking Water Quality and Testing Standards,-332,Reporting To,707,"Environment, Conservation and Parks",,,Relève de
4012,Advisory Council on Drinking Water Quality and Testing Standards,-332,Reporting To,749,"Environment, Conservation and Parks::Environmental Sciences and Standards Division::Technical Assessment and Standards Development Branch::Water Standards",,,Relève de
1835,Agricorp,-332,Reporting To,185,"Agriculture, Food and Rural Affairs",,,Relève de
227,Agricultural Research Institute of Ontario (ARIO),-332,Reporting To,185,"Agriculture, Food and Rural Affairs",,,Relève de
185,"Agriculture, Food and Rural Affairs",332,Accountable For,4535,Normal Farm Practices Protection Board,,,Responsable de
185,"Agriculture, Food and Rural Affairs",332,Accountable For,4580,"Agriculture, Food and Rural Affairs Appeal Tribunal",,,Responsable de
185,"Agriculture, Food and Rural Affairs",332,Accountable For,1835,Agricorp,,,Responsable de
185,"Agriculture, Food and Rural Affairs",332,Accountable For,231,Ontario Food Terminal Board,,,Responsable de
185,"Agriculture, Food and Rural Affairs",332,Accountable For,230,Livestock Medicines Advisory Committee,,,Responsable de
185,"Agriculture, Food and Rural Affairs",332,Accountable For,229,Livestock Financial Protection Board,,,Responsable de
185,"Agriculture, Food and Rural Affairs",332,Accountable For,228,Grain Financial Protection Board,,,Responsable de
185,"Agriculture, Food and Rural Affairs",332,Accountable For,227,Agricultural Research Institute of Ontario (ARIO),,,Responsable de
185,"Agriculture, Food and Rural Affairs",332,Accountable For,4502,Redap,,,Responsable de
185,"Agriculture, Food and Rural Affairs",333,Serviced By,3722,"Natural Resources and Forestry::Office of the Chief Information Officer, Land and Resources I&IT Cluster",,,Reçoit des services de
185,"Agriculture, Food and Rural Affairs",332,Accountable For,4640,Board of Negotiation,,,Responsable de
185,"Agriculture, Food and Rural Affairs",332,Accountable For,4581,Ontario Farm Products Marketing Commission,,,Responsable de
4580,"Agriculture, Food and Rural Affairs Appeal Tribunal",-332,Reporting To,185,"Agriculture, Food and Rural Affairs",,,Relève de
188,"Agriculture, Food and Rural Affairs::Research and Corporate Services Division",333,Serviced By,4549,Treasury Board Secretariat::Ontario Internal Audit Division::Transportation and Agriculture Audit Service Team - St Catharines,,,Reçoit des services de
2253,Alcohol and Gaming Commission of Ontario,-332,Reporting To,232,Attorney General,,,Relève de
1820,Algonquin Forestry Authority,-332,Reporting To,1183,Natural Resources and Forestry,,,Relève de
1402,Algonquin Forestry Authority - Pembroke,-332,Reporting To,1183,Natural Resources and Forestry,,,Relève de
441,Art Gallery of Ontario,-332,Reporting To,3398,"Tourism, Culture and Sport",,,Relève de
232,Attorney General,332,Accountable For,6309,Environment and Land Tribunals Ontario,,,Responsable de
232,Attorney General,332,Accountable For,3409,Judicial Appointments Advisory Committee,,,Responsable de
232,Attorney General,332,Accountable For,2642,Legal Aid Ontario,,,Responsable de
232,Attorney General,332,Accountable For,2605,Attorney General::Victims and Vulnerable Persons Division::Office for Victims of Crime,,,Responsable de
232,Attorney General,332,Accountable For,2253,Alcohol and Gaming Commission of Ontario,,,Responsable de
232,Attorney General,332,Accountable For,2041,Bail Verification and Supervision Program,,,Responsable de
232,Attorney General,332,Accountable For,433,Ontario Human Rights Commission,,,Responsable de
232,Attorney General,332,Accountable For,235,Special Investigations Unit,,,Responsable de
232,Attorney General,332,Accountable For,5891,Social Justice Tribunals Ontario,,,Responsable de
232,Attorney General,332,Accountable For,3462,Chief Inquiry Officer - Expropriations Act,,,Responsable de
232,Attorney General,332,Accountable For,162118,Local Planning Appeal Support Centre,,,Responsable de
232,Attorney General,332,Accountable For,6708,Office of the Independent Police Review Director,,,Responsable de
232,Attorney General,332,Accountable For,6438,Public Accountants Council,,,Responsable de
232,Attorney General,332,Accountable For,6439,Human Rights Legal Support Centre,,,Responsable de
232,Attorney General,332,Accountable For,6668,"Safety, Licensing Appeals and Standards Tribunals Ontario",,,Responsable de
345,Attorney General::Corporate Services Management Division,333,Serviced By,4547,Treasury Board Secretariat::Ontario Internal Audit Division::Justice Audit Service Team - Orillia,,,Reçoit des services de
349,Attorney General::Corporate Services Management Division::Justice Sector Freedom of Information and Protection of Privacy Office,-333,Provides Service To,2258,Community Safety and Correctional Services::Corporate Services Division,,,Fournit des services à
2605,Attorney General::Victims and Vulnerable Persons Division::Office for Victims of Crime,-332,Reporting To,232,Attorney General,,,Relève de
2041,Bail Verification and Supervision Program,-332,Reporting To,232,Attorney General,,,Relève de
4640,Board of Negotiation,-332,Reporting To,185,"Agriculture, Food and Rural Affairs",,,Relève de
978,Cancer Care Ontario,-332,Reporting To,909,Health and Long-Term Care,,,Relève de
3462,Chief Inquiry Officer - Expropriations Act,-332,Reporting To,232,Attorney General,,,Relève de
3736,Children and Youth Services,333,Serviced By,6441,Community and Social Services::Organizational Renewal Directorate,,,Reçoit des services de
3736,Children and Youth Services,333,Serviced By,4542,Treasury Board Secretariat::Ontario Internal Audit Division::Community Services Audit Service Team,,,Reçoit des services de
128338,Children and Youth Services::Business Planning and Corporate Services Division,333,Serviced By,4542,Treasury Board Secretariat::Ontario Internal Audit Division::Community Services Audit Service Team,,,Reçoit des services de
3808,Chiropody Review Committee,-332,Reporting To,909,Health and Long-Term Care,,,Relève de
3809,Chiropractic Review Committee,-332,Reporting To,909,Health and Long-Term Care,,,Relève de
405,Citizenship and Immigration,333,Serviced By,2846,"Education::Office of the Chief Information Officer, Community Services I&IT Cluster",,,Reçoit des services de
405,Citizenship and Immigration,333,Serviced By,4543,Treasury Board Secretariat::Ontario Internal Audit Division::Culture and Innovation Audit Service Team,,,Reçoit des services de
6364,College of Trades Appointments Council,-332,Reporting To,2698,"Training, Colleges and Universities",,,Relève de
2697,Community Safety and Correctional Services,332,Accountable For,5843,Death Investigation Oversight Council,,,Responsable de
2697,Community Safety and Correctional Services,332,Accountable For,1856,Fire Safety Commission,,,Responsable de
2697,Community Safety and Correctional Services,332,Accountable For,1814,Ontario Police Arbitration Commission,,,Responsable de
2258,Community Safety and Correctional Services::Corporate Services Division,333,Serviced By,349,Attorney General::Corporate Services Management Division::Justice Sector Freedom of Information and Protection of Privacy Office,,,Reçoit des services de
2258,Community Safety and Correctional Services::Corporate Services Division,333,Serviced By,4547,Treasury Board Secretariat::Ontario Internal Audit Division::Justice Audit Service Team - Orillia,,,Reçoit des services de
162236,Community Safety and Correctional Services::Justice Technology Services::Government Mobile Communications::Contract & Vendor Management::Radio Servies & Customer Relationship Management (CRM),332,Accountable For,4882,Community Safety and Correctional Services::Justice Technology Services::Government Mobile Communications::Public Safety Radio Services,,,Responsable de
162236,Community Safety and Correctional Services::Justice Technology Services::Government Mobile Communications::Contract & Vendor Management::Radio Servies & Customer Relationship Management (CRM),332,Accountable For,5879,Community Safety and Correctional Services::Justice Technology Services::Government Mobile Communications::Public Safety Radio Operations,,,Responsable de
162236,Community Safety and Correctional Services::Justice Technology Services::Government Mobile Communications::Contract & Vendor Management::Radio Servies & Customer Relationship Management (CRM),332,Accountable For,162237,Community Safety and Correctional Services::Justice Technology Services::Government Mobile Communications::Transition & Project Management,,,Responsable de
5879,Community Safety and Correctional Services::Justice Technology Services::Government Mobile Communications::Public Safety Radio Operations,-332,Reporting To,162236,Community Safety and Correctional Services::Justice Technology Services::Government Mobile Communications::Contract & Vendor Management::Radio Servies & Customer Relationship Management (CRM),,,Relève de
4882,Community Safety and Correctional Services::Justice Technology Services::Government Mobile Communications::Public Safety Radio Services,-332,Reporting To,162236,Community Safety and Correctional Services::Justice Technology Services::Government Mobile Communications::Contract & Vendor Management::Radio Servies & Customer Relationship Management (CRM),,,Relève de
162237,Community Safety and Correctional Services::Justice Technology Services::Government Mobile Communications::Transition & Project Management,-332,Reporting To,162236,Community Safety and Correctional Services::Justice Technology Services::Government Mobile Communications::Contract & Vendor Management::Radio Servies & Customer Relationship Management (CRM),,,Relève de
2259,Community Safety and Correctional Services::Office of the Fire Marshal and Emergency Management::Office of the Fire Marshal::Deputy Fire Marshal::Fire Investigations Services and Field and Advisory Services::Fire Investigation Services,332,Accountable For,6090,Community Safety and Correctional Services::Office of the Fire Marshal and Emergency Management::Office of the Fire Marshal::Deputy Fire Marshal::Fire Investigations Services and Field and Advisory Services::Fire Investigation Services::FIS-team 1,,,Responsable de
6090,Community Safety and Correctional Services::Office of the Fire Marshal and Emergency Management::Office of the Fire Marshal::Deputy Fire Marshal::Fire Investigations Services and Field and Advisory Services::Fire Investigation Services::FIS-team 1,-332,Reporting To,2259,Community Safety and Correctional Services::Office of the Fire Marshal and Emergency Management::Office of the Fire Marshal::Deputy Fire Marshal::Fire Investigations Services and Field and Advisory Services::Fire Investigation Services,,,Relève de
460,Community and Social Services::Business Planning and Corporate Services Division,333,Serviced By,4542,Treasury Board Secretariat::Ontario Internal Audit Division::Community Services Audit Service Team,,,Reçoit des services de
6441,Community and Social Services::Organizational Renewal Directorate,-333,Provides Service To,3736,Children and Youth Services,,,Fournit des services à
4726,Conflict of Interest Commissioner,-332,Reporting To,7183,Treasury Board Secretariat,,,Relève de
983,Consent and Capacity Board,-332,Reporting To,909,Health and Long-Term Care,,,Relève de
1852,Council of the Association of Ontario Land Surveyors,-332,Reporting To,1183,Natural Resources and Forestry,,,Relève de
5843,Death Investigation Oversight Council,-332,Reporting To,2697,Community Safety and Correctional Services,,,Relève de
3810,Dental Review Committee,-332,Reporting To,909,Health and Long-Term Care,,,Relève de
1849,Deposit Insurance Corporation of Ontario,-332,Reporting To,813,Finance,,,Relève de
2070,Destination Ontario,-332,Reporting To,3398,"Tourism, Culture and Sport",,,Relève de
645,"Economic Development, Job Creation and Trade",332,Accountable For,5526,Ontario Capital Growth Corporation,,,Responsable de
646,"Economic Development, Job Creation and Trade::Deputy Minister's Office",333,Serviced By,4543,Treasury Board Secretariat::Ontario Internal Audit Division::Culture and Innovation Audit Service Team,,,Reçoit des services de
4081,"Economic Development, Job Creation and Trade::International Trade Policy & Representation Division::International Representation Branch",332,Accountable For,4082,"Economic Development, Job Creation and Trade::International Trade Policy & Representation Division::Trade and Investment Offices",,,Responsable de
4082,"Economic Development, Job Creation and Trade::International Trade Policy & Representation Division::Trade and Investment Offices",-332,Reporting To,4081,"Economic Development, Job Creation and Trade::International Trade Policy & Representation Division::International Representation Branch",,,Relève de
649,Education,332,Accountable For,1841,Education Quality and Accountability Office,,,Responsable de
649,Education,332,Accountable For,2854,Ontario Educational Communications Authority (TVO),,,Responsable de
649,Education,332,Accountable For,6362,Ontario French-Language Education Communications Authority,,,Responsable de
649,Education,332,Accountable For,1832,Minister's Advisory Council on Special Education,,,Responsable de
649,Education,332,Accountable For,693,Provincial Schools Authority,,,Responsable de
649,Education,332,Accountable For,1829,Languages of Instruction Commission of Ontario,,,Responsable de
1841,Education Quality and Accountability Office,-332,Reporting To,649,Education,,,Relève de
654,Education::Corporate Management and Services Division,333,Serviced By,4544,Treasury Board Secretariat::Ontario Internal Audit Division::Education Audit Service Team,,,Reçoit des services de
2846,"Education::Office of the Chief Information Officer, Community Services I&IT Cluster",-333,Provides Service To,3398,"Tourism, Culture and Sport",,,Fournit des services à
2846,"Education::Office of the Chief Information Officer, Community Services I&IT Cluster",-333,Provides Service To,2698,"Training, Colleges and Universities",,,Fournit des services à
2846,"Education::Office of the Chief Information Officer, Community Services I&IT Cluster",-333,Provides Service To,405,Citizenship and Immigration,,,Fournit des services à
2846,"Education::Office of the Chief Information Officer, Community Services I&IT Cluster",-333,Provides Service To,1142,Municipal Affairs and Housing,,,Fournit des services à
165188,"Energy, Northern Development and Mines",332,Accountable For,809,Ontario Energy Board,,,Responsable de
165188,"Energy, Northern Development and Mines",332,Accountable For,1823,Ontario Northland Transportation Commission,,,Responsable de
165188,"Energy, Northern Development and Mines",332,Accountable For,3396,Owen Sound Transportation Company (OSTC),,,Responsable de
165188,"Energy, Northern Development and Mines",332,Accountable For,4124,Ontario Power Generation,,,Responsable de
165188,"Energy, Northern Development and Mines",333,Serviced By,3722,"Natural Resources and Forestry::Office of the Chief Information Officer, Land and Resources I&IT Cluster",,,Reçoit des services de
1406,"Energy, Northern Development and Mines::Deputy Minister, Northern Development and Mines",333,Serviced By,4548,Treasury Board Secretariat::Ontario Internal Audit Division::Resources and Labour Audit Service Team,,,Reçoit des services de
6309,Environment and Land Tribunals Ontario,-332,Reporting To,232,Attorney General,,,Relève de
707,"Environment, Conservation and Parks",332,Accountable For,4012,Advisory Council on Drinking Water Quality and Testing Standards,,,Responsable de
707,"Environment, Conservation and Parks",332,Accountable For,1824,Ontario Clean Water Agency,,,Responsable de
707,"Environment, Conservation and Parks",333,Serviced By,3722,"Natural Resources and Forestry::Office of the Chief Information Officer, Land and Resources I&IT Cluster",,,Reçoit des services de
707,"Environment, Conservation and Parks",332,Accountable For,4119,Walkerton Clean Water Centre,,,Responsable de
707,"Environment, Conservation and Parks",332,Accountable For,812,Pesticides Advisory Committee,,,Responsable de
110334,"Environment, Conservation and Parks::Climate Change Directorate",333,Serviced By,4100,"Environment, Conservation and Parks::Policy and Program Division::Divisional Business Services",,,Reçoit des services de
710,"Environment, Conservation and Parks::Deputy Minister's Office",333,Serviced By,4548,Treasury Board Secretariat::Ontario Internal Audit Division::Resources and Labour Audit Service Team,,,Reçoit des services de
752,"Environment, Conservation and Parks::Environmental Sciences and Standards Division::Technical Assessment and Standards Development Branch::Pesticides Section",332,Accountable For,812,Pesticides Advisory Committee,,,Responsable de
749,"Environment, Conservation and Parks::Environmental Sciences and Standards Division::Technical Assessment and Standards Development Branch::Water Standards",332,Accountable For,4012,Advisory Council on Drinking Water Quality and Testing Standards,,,Responsable de
4100,"Environment, Conservation and Parks::Policy and Program Division::Divisional Business Services",-333,Provides Service To,110334,"Environment, Conservation and Parks::Climate Change Directorate",,,Fournit des services à
813,Finance,332,Accountable For,2728,Ontario Electricity Financial Corporation,,,Responsable de
813,Finance,332,Accountable For,1849,Deposit Insurance Corporation of Ontario,,,Responsable de
813,Finance,332,Accountable For,1818,Ontario Lottery and Gaming Corporation,,,Responsable de
813,Finance,332,Accountable For,873,Ontario Securities Commission,,,Responsable de
813,Finance,332,Accountable For,860,Ontario Financing Authority,,,Responsable de
813,Finance,332,Accountable For,844,Financial Services Commission of Ontario,,,Responsable de
813,Finance,332,Accountable For,643,Liquor Control Board of Ontario,,,Responsable de
851,"Finance::Corporate & Quality Service Division, CAO/ ADM's Office",333,Serviced By,3076,Treasury Board Secretariat::Ontario Internal Audit Division::Finance Audit Service Team - Toronto,,,Reçoit des services de
851,"Finance::Corporate & Quality Service Division, CAO/ ADM's Office",333,Serviced By,845,Treasury Board Secretariat::Ontario Internal Audit Division::Finance Audit Service Team - Oshawa,,,Reçoit des services de
844,Financial Services Commission of Ontario,-332,Reporting To,813,Finance,,,Relève de
1856,Fire Safety Commission,-332,Reporting To,2697,Community Safety and Correctional Services,,,Relève de
1102,Government and Consumer Services,332,Accountable For,1133,Advertising Review Board,,,Responsable de
6146,Government and Consumer Services::Deputy Minister of Government Services,333,Serviced By,4545,Treasury Board Secretariat::Ontario Internal Audit Division::Government & Consumer Services Audit Service Team,,,Reçoit des services de
228,Grain Financial Protection Board,-332,Reporting To,185,"Agriculture, Food and Rural Affairs",,,Relève de
981,Health Professions Appeal and Review Board,-332,Reporting To,909,Health and Long-Term Care,,,Relève de
4497,Health Quality Ontario,-332,Reporting To,909,Health and Long-Term Care,,,Relève de
982,Health Services Appeal and Review Board,-332,Reporting To,909,Health and Long-Term Care,,,Relève de
909,Health and Long-Term Care,332,Accountable For,5048,Transitional Physician Audit Panel,,,Responsable de
909,Health and Long-Term Care,332,Accountable For,4497,Health Quality Ontario,,,Responsable de
909,Health and Long-Term Care,332,Accountable For,3811,Optometry Review Committee,,,Responsable de
909,Health and Long-Term Care,332,Accountable For,3810,Dental Review Committee,,,Responsable de
909,Health and Long-Term Care,332,Accountable For,3809,Chiropractic Review Committee,,,Responsable de
909,Health and Long-Term Care,332,Accountable For,3808,Chiropody Review Committee,,,Responsable de
909,Health and Long-Term Care,332,Accountable For,3407,Trillium Gift of Life Network,,,Responsable de
909,Health and Long-Term Care,332,Accountable For,2810,Ontario Hepatitis C Assistance Plan Review Committee,,,Responsable de
909,Health and Long-Term Care,332,Accountable For,1846,Medical Eligibility Committee,,,Responsable de
909,Health and Long-Term Care,332,Accountable For,983,Consent and Capacity Board,,,Responsable de
909,Health and Long-Term Care,332,Accountable For,982,Health Services Appeal and Review Board,,,Responsable de
909,Health and Long-Term Care,332,Accountable For,981,Health Professions Appeal and Review Board,,,Responsable de
909,Health and Long-Term Care,332,Accountable For,980,Ontario Review Board,,,Responsable de
909,Health and Long-Term Care,332,Accountable For,979,Ontario Mental Health Foundation,,,Responsable de
909,Health and Long-Term Care,332,Accountable For,978,Cancer Care Ontario,,,Responsable de
909,Health and Long-Term Care,332,Accountable For,5139,Public Health Ontario,,,Responsable de
909,Health and Long-Term Care,332,Accountable For,5159,eHealth Ontario,,,Responsable de
909,Health and Long-Term Care,332,Accountable For,6177,Physician Payment Review Board,,,Responsable de
909,Health and Long-Term Care,332,Accountable For,6129,HealthForceOntario Marketing and Recruitment Agency,,,Responsable de
920,Health and Long-Term Care::Corporate Services Division,333,Serviced By,4546,Treasury Board Secretariat::Ontario Internal Audit Division::Health Audit Service Team,,,Reçoit des services de
6129,HealthForceOntario Marketing and Recruitment Agency,-332,Reporting To,909,Health and Long-Term Care,,,Relève de
6369,Higher Education Quality Council of Ontario,-332,Reporting To,2698,"Training, Colleges and Universities",,,Relève de
6439,Human Rights Legal Support Centre,-332,Reporting To,232,Attorney General,,,Relève de
1175,Indigenous Affairs,333,Serviced By,3722,"Natural Resources and Forestry::Office of the Chief Information Officer, Land and Resources I&IT Cluster",,,Reçoit des services de
3759,Indigenous Affairs::Deputy Minister's Office,333,Serviced By,4548,Treasury Board Secretariat::Ontario Internal Audit Division::Resources and Labour Audit Service Team,,,Reçoit des services de
125586,Infrastructure,332,Accountable For,5406,Waterfront Toronto,,,Responsable de
125586,Infrastructure,332,Accountable For,4266,Infrastructure Ontario,,,Responsable de
4266,Infrastructure Ontario,-332,Reporting To,125586,Infrastructure,,,Relève de
3409,Judicial Appointments Advisory Committee,-332,Reporting To,232,Attorney General,,,Relève de
997,Labour,333,Serviced By,2768,Transportation::Labour and Transportation I&IT Cluster,,,Reçoit des services de
997,Labour,332,Accountable For,1826,Workplace Safety and Insurance Board,,,Responsable de
997,Labour,332,Accountable For,1825,Workplace Safety and Insurance Appeals Tribunal (Formerly Workers' Compensation Appeals Tribunal),,,Responsable de
997,Labour,332,Accountable For,1819,Pay Equity Office,,,Responsable de
997,Labour,332,Accountable For,1082,Public Service Appeal Boards,,,Responsable de
997,Labour,332,Accountable For,1077,Ontario Labour Relations Board,,,Responsable de
997,Labour,332,Accountable For,1062,Office of the Worker Adviser,,,Responsable de
997,Labour,332,Accountable For,1051,Office of the Employer Adviser,,,Responsable de
1000,Labour::Deputy Minister's Office,333,Serviced By,4548,Treasury Board Secretariat::Ontario Internal Audit Division::Resources and Labour Audit Service Team,,,Reçoit des services de
1829,Languages of Instruction Commission of Ontario,-332,Reporting To,649,Education,,,Relève de
2642,Legal Aid Ontario,-332,Reporting To,232,Attorney General,,,Relève de
643,Liquor Control Board of Ontario,-332,Reporting To,813,Finance,,,Relève de
229,Livestock Financial Protection Board,-332,Reporting To,185,"Agriculture, Food and Rural Affairs",,,Relève de
230,Livestock Medicines Advisory Committee,-332,Reporting To,185,"Agriculture, Food and Rural Affairs",,,Relève de
162118,Local Planning Appeal Support Centre,-332,Reporting To,232,Attorney General,,,Relève de
2237,McMichael Canadian Art Collection,-332,Reporting To,3398,"Tourism, Culture and Sport",,,Relève de
1846,Medical Eligibility Committee,-332,Reporting To,909,Health and Long-Term Care,,,Relève de
1828,Metro Toronto Convention Centre Corporation,-332,Reporting To,3398,"Tourism, Culture and Sport",,,Relève de
4518,Metrolinx,-332,Reporting To,1713,Transportation,,,Relève de
1832,Minister's Advisory Council on Special Education,-332,Reporting To,649,Education,,,Relève de
1142,Municipal Affairs and Housing,333,Serviced By,2846,"Education::Office of the Chief Information Officer, Community Services I&IT Cluster",,,Reçoit des services de
1146,Municipal Affairs and Housing::Business Management Division,333,Serviced By,4542,Treasury Board Secretariat::Ontario Internal Audit Division::Community Services Audit Service Team,,,Reçoit des services de
1183,Natural Resources and Forestry,332,Accountable For,2525,Niagara Escarpment Commission,,,Responsable de
1183,Natural Resources and Forestry,332,Accountable For,1853,Ontario Geographic Names Board,,,Responsable de
1183,Natural Resources and Forestry,332,Accountable For,1402,Algonquin Forestry Authority - Pembroke,,,Responsable de
1183,Natural Resources and Forestry,332,Accountable For,1820,Algonquin Forestry Authority,,,Responsable de
1183,Natural Resources and Forestry,332,Accountable For,1836,Ottawa River Regulation Planning Board,,,Responsable de
1183,Natural Resources and Forestry,332,Accountable For,1838,Shibogama Interim Planning Board,,,Responsable de
1183,Natural Resources and Forestry,332,Accountable For,1840,Academic and Experience Requirements Committee of the Association of Ontario Land Surveyors,,,Responsable de
1183,Natural Resources and Forestry,332,Accountable For,1845,Windigo Interim Planning Board,,,Responsable de
1183,Natural Resources and Forestry,332,Accountable For,1848,Rabies Advisory Committee,,,Responsable de
1183,Natural Resources and Forestry,332,Accountable For,1850,Ontario Fish and Wildlife Heritage Commission,,,Responsable de
1183,Natural Resources and Forestry,332,Accountable For,1852,Council of the Association of Ontario Land Surveyors,,,Responsable de
1187,Natural Resources and Forestry::Deputy Minister's Office,333,Serviced By,4548,Treasury Board Secretariat::Ontario Internal Audit Division::Resources and Labour Audit Service Team,,,Reçoit des services de
1187,Natural Resources and Forestry::Deputy Minister's Office,332,Accountable For,2525,Niagara Escarpment Commission,,,Responsable de
3722,"Natural Resources and Forestry::Office of the Chief Information Officer, Land and Resources I&IT Cluster",-333,Provides Service To,707,"Environment, Conservation and Parks",,,Fournit des services à
3722,"Natural Resources and Forestry::Office of the Chief Information Officer, Land and Resources I&IT Cluster",-333,Provides Service To,165188,"Energy, Northern Development and Mines",,,Fournit des services à
3722,"Natural Resources and Forestry::Office of the Chief Information Officer, Land and Resources I&IT Cluster",-333,Provides Service To,1175,Indigenous Affairs,,,Fournit des services à
3722,"Natural Resources and Forestry::Office of the Chief Information Officer, Land and Resources I&IT Cluster",-333,Provides Service To,185,"Agriculture, Food and Rural Affairs",,,Fournit des services à
2525,Niagara Escarpment Commission,-332,Reporting To,1183,Natural Resources and Forestry,,,Relève de
2525,Niagara Escarpment Commission,-332,Reporting To,1187,Natural Resources and Forestry::Deputy Minister's Office,,,Relève de
1821,Niagara Parks Commission,-332,Reporting To,3398,"Tourism, Culture and Sport",,,Relève de
4535,Normal Farm Practices Protection Board,-332,Reporting To,185,"Agriculture, Food and Rural Affairs",,,Relève de
1141,OPSEU Pension Trust,-332,Reporting To,7183,Treasury Board Secretariat,,,Relève de
1051,Office of the Employer Adviser,-332,Reporting To,997,Labour,,,Relève de
4648,Office of the Fairness Commissioner,-332,Reporting To,2698,"Training, Colleges and Universities",,,Relève de
6708,Office of the Independent Police Review Director,-332,Reporting To,232,Attorney General,,,Relève de
1062,Office of the Worker Adviser,-332,Reporting To,997,Labour,,,Relève de
442,Ontario Arts Council,-332,Reporting To,3398,"Tourism, Culture and Sport",,,Relève de
5526,Ontario Capital Growth Corporation,-332,Reporting To,645,"Economic Development, Job Creation and Trade",,,Relève de
1824,Ontario Clean Water Agency,-332,Reporting To,707,"Environment, Conservation and Parks",,,Relève de
2854,Ontario Educational Communications Authority (TVO),-332,Reporting To,649,Education,,,Relève de
2728,Ontario Electricity Financial Corporation,-332,Reporting To,813,Finance,,,Relève de
809,Ontario Energy Board,-332,Reporting To,165188,"Energy, Northern Development and Mines",,,Relève de
4581,Ontario Farm Products Marketing Commission,-332,Reporting To,185,"Agriculture, Food and Rural Affairs",,,Relève de
860,Ontario Financing Authority,-332,Reporting To,813,Finance,,,Relève de
1850,Ontario Fish and Wildlife Heritage Commission,-332,Reporting To,1183,Natural Resources and Forestry,,,Relève de
231,Ontario Food Terminal Board,-332,Reporting To,185,"Agriculture, Food and Rural Affairs",,,Relève de
6362,Ontario French-Language Education Communications Authority,-332,Reporting To,649,Education,,,Relève de
1853,Ontario Geographic Names Board,-332,Reporting To,1183,Natural Resources and Forestry,,,Relève de
1816,Ontario Graduate Scholarship Program - Selection Board,-332,Reporting To,2698,"Training, Colleges and Universities",,,Relève de
2810,Ontario Hepatitis C Assistance Plan Review Committee,-332,Reporting To,909,Health and Long-Term Care,,,Relève de
444,Ontario Heritage Trust,-332,Reporting To,3398,"Tourism, Culture and Sport",,,Relève de
1716,Ontario Highway Transport Board,-332,Reporting To,1713,Transportation,,,Relève de
433,Ontario Human Rights Commission,-332,Reporting To,232,Attorney General,,,Relève de
1077,Ontario Labour Relations Board,-332,Reporting To,997,Labour,,,Relève de
2052,Ontario Library Service - North,-332,Reporting To,3398,"Tourism, Culture and Sport",,,Relève de
1818,Ontario Lottery and Gaming Corporation,-332,Reporting To,813,Finance,,,Relève de
443,Ontario Media Development Corporation,-332,Reporting To,3398,"Tourism, Culture and Sport",,,Relève de
979,Ontario Mental Health Foundation,-332,Reporting To,909,Health and Long-Term Care,,,Relève de
1823,Ontario Northland Transportation Commission,-332,Reporting To,165188,"Energy, Northern Development and Mines",,,Relève de
1140,Ontario Pension Board,-332,Reporting To,7183,Treasury Board Secretariat,,,Relève de
648,Ontario Place Corporation,-332,Reporting To,3398,"Tourism, Culture and Sport",,,Relève de
1814,Ontario Police Arbitration Commission,-332,Reporting To,2697,Community Safety and Correctional Services,,,Relève de
4124,Ontario Power Generation,-332,Reporting To,165188,"Energy, Northern Development and Mines",,,Relève de
980,Ontario Review Board,-332,Reporting To,909,Health and Long-Term Care,,,Relève de
450,Ontario Science Centre,-332,Reporting To,3398,"Tourism, Culture and Sport",,,Relève de
873,Ontario Securities Commission,-332,Reporting To,813,Finance,,,Relève de
1839,Ontario Student Assistance Program Financial Eligibility Advisory Committee,-332,Reporting To,2698,"Training, Colleges and Universities",,,Relève de
440,Ontario Trillium Foundation,-332,Reporting To,3398,"Tourism, Culture and Sport",,,Relève de
3811,Optometry Review Committee,-332,Reporting To,909,Health and Long-Term Care,,,Relève de
1822,Ottawa Convention Centre,-332,Reporting To,3398,"Tourism, Culture and Sport",,,Relève de
1836,Ottawa River Regulation Planning Board,-332,Reporting To,1183,Natural Resources and Forestry,,,Relève de
3396,Owen Sound Transportation Company (OSTC),-332,Reporting To,165188,"Energy, Northern Development and Mines",,,Relève de
1819,Pay Equity Office,-332,Reporting To,997,Labour,,,Relève de
812,Pesticides Advisory Committee,-332,Reporting To,752,"Environment, Conservation and Parks::Environmental Sciences and Standards Division::Technical Assessment and Standards Development Branch::Pesticides Section",,,Relève de
812,Pesticides Advisory Committee,-332,Reporting To,707,"Environment, Conservation and Parks",,,Relève de
6177,Physician Payment Review Board,-332,Reporting To,909,Health and Long-Term Care,,,Relève de
3160,Postsecondary Education Quality Assessment Board,-332,Reporting To,2698,"Training, Colleges and Universities",,,Relève de
1831,Provincial Judges Pension Board,-332,Reporting To,7183,Treasury Board Secretariat,,,Relève de
693,Provincial Schools Authority,-332,Reporting To,649,Education,,,Relève de
6438,Public Accountants Council,-332,Reporting To,232,Attorney General,,,Relève de
5139,Public Health Ontario,-332,Reporting To,909,Health and Long-Term Care,,,Relève de
1082,Public Service Appeal Boards,-332,Reporting To,997,Labour,,,Relève de
1105,Public Service Commission,-332,Reporting To,7183,Treasury Board Secretariat,,,Relève de
1848,Rabies Advisory Committee,-332,Reporting To,1183,Natural Resources and Forestry,,,Relève de
4502,Redap,-332,Reporting To,185,"Agriculture, Food and Rural Affairs",,,Relève de
452,Royal Botanical Gardens,-332,Reporting To,3398,"Tourism, Culture and Sport",,,Relève de
1854,Royal Ontario Museum,-332,Reporting To,3398,"Tourism, Culture and Sport",,,Relève de
6668,"Safety, Licensing Appeals and Standards Tribunals Ontario",-332,Reporting To,232,Attorney General,,,Relève de
453,Science North,-332,Reporting To,3398,"Tourism, Culture and Sport",,,Relève de
1838,Shibogama Interim Planning Board,-332,Reporting To,1183,Natural Resources and Forestry,,,Relève de
5891,Social Justice Tribunals Ontario,-332,Reporting To,232,Attorney General,,,Relève de
2051,Southern Ontario Library Service,-332,Reporting To,3398,"Tourism, Culture and Sport",,,Relève de
235,Special Investigations Unit,-332,Reporting To,232,Attorney General,,,Relève de
2078,St Lawrence Parks Commission,-332,Reporting To,3398,"Tourism, Culture and Sport",,,Relève de
3398,"Tourism, Culture and Sport",333,Serviced By,4543,Treasury Board Secretariat::Ontario Internal Audit Division::Culture and Innovation Audit Service Team,,,Reçoit des services de
3398,"Tourism, Culture and Sport",333,Serviced By,2846,"Education::Office of the Chief Information Officer, Community Services I&IT Cluster",,,Reçoit des services de
3398,"Tourism, Culture and Sport",332,Accountable For,440,Ontario Trillium Foundation,,,Responsable de
3398,"Tourism, Culture and Sport",332,Accountable For,441,Art Gallery of Ontario,,,Responsable de
3398,"Tourism, Culture and Sport",332,Accountable For,442,Ontario Arts Council,,,Responsable de
3398,"Tourism, Culture and Sport",332,Accountable For,443,Ontario Media Development Corporation,,,Responsable de
3398,"Tourism, Culture and Sport",332,Accountable For,444,Ontario Heritage Trust,,,Responsable de
3398,"Tourism, Culture and Sport",332,Accountable For,450,Ontario Science Centre,,,Responsable de
3398,"Tourism, Culture and Sport",332,Accountable For,452,Royal Botanical Gardens,,,Responsable de
3398,"Tourism, Culture and Sport",332,Accountable For,453,Science North,,,Responsable de
3398,"Tourism, Culture and Sport",332,Accountable For,648,Ontario Place Corporation,,,Responsable de
3398,"Tourism, Culture and Sport",332,Accountable For,2237,McMichael Canadian Art Collection,,,Responsable de
3398,"Tourism, Culture and Sport",332,Accountable For,2078,St Lawrence Parks Commission,,,Responsable de
3398,"Tourism, Culture and Sport",332,Accountable For,2070,Destination Ontario,,,Responsable de
3398,"Tourism, Culture and Sport",332,Accountable For,2052,Ontario Library Service - North,,,Responsable de
3398,"Tourism, Culture and Sport",332,Accountable For,2051,Southern Ontario Library Service,,,Responsable de
3398,"Tourism, Culture and Sport",332,Accountable For,1854,Royal Ontario Museum,,,Responsable de
3398,"Tourism, Culture and Sport",332,Accountable For,1828,Metro Toronto Convention Centre Corporation,,,Responsable de
3398,"Tourism, Culture and Sport",332,Accountable For,1822,Ottawa Convention Centre,,,Responsable de
3398,"Tourism, Culture and Sport",332,Accountable For,1821,Niagara Parks Commission,,,Responsable de
6395,Training Completion Assurance Fund Advisory Board,-332,Reporting To,2698,"Training, Colleges and Universities",,,Relève de
2698,"Training, Colleges and Universities",332,Accountable For,1839,Ontario Student Assistance Program Financial Eligibility Advisory Committee,,,Responsable de
2698,"Training, Colleges and Universities",332,Accountable For,3160,Postsecondary Education Quality Assessment Board,,,Responsable de
2698,"Training, Colleges and Universities",332,Accountable For,1816,Ontario Graduate Scholarship Program - Selection Board,,,Responsable de
2698,"Training, Colleges and Universities",332,Accountable For,4648,Office of the Fairness Commissioner,,,Responsable de
2698,"Training, Colleges and Universities",332,Accountable For,6364,College of Trades Appointments Council,,,Responsable de
2698,"Training, Colleges and Universities",332,Accountable For,6369,Higher Education Quality Council of Ontario,,,Responsable de
2698,"Training, Colleges and Universities",332,Accountable For,6395,Training Completion Assurance Fund Advisory Board,,,Responsable de
2698,"Training, Colleges and Universities",333,Serviced By,2846,"Education::Office of the Chief Information Officer, Community Services I&IT Cluster",,,Reçoit des services de
131000,"Training, Colleges and Universities::Corporate Management and Services Division",333,Serviced By,4544,Treasury Board Secretariat::Ontario Internal Audit Division::Education Audit Service Team,,,Reçoit des services de
5048,Transitional Physician Audit Panel,-332,Reporting To,909,Health and Long-Term Care,,,Relève de
1713,Transportation,332,Accountable For,4518,Metrolinx,,,Responsable de
1713,Transportation,332,Accountable For,1716,Ontario Highway Transport Board,,,Responsable de
1717,Transportation::Deputy Minister's Office,333,Serviced By,4549,Treasury Board Secretariat::Ontario Internal Audit Division::Transportation and Agriculture Audit Service Team - St Catharines,,,Reçoit des services de
2768,Transportation::Labour and Transportation I&IT Cluster,-333,Provides Service To,997,Labour,,,Fournit des services à
7183,Treasury Board Secretariat,332,Accountable For,4726,Conflict of Interest Commissioner,,,Responsable de
7183,Treasury Board Secretariat,332,Accountable For,1105,Public Service Commission,,,Responsable de
7183,Treasury Board Secretariat,332,Accountable For,1831,Provincial Judges Pension Board,,,Responsable de
7183,Treasury Board Secretariat,332,Accountable For,1141,OPSEU Pension Trust,,,Responsable de
7183,Treasury Board Secretariat,332,Accountable For,1140,Ontario Pension Board,,,Responsable de
4542,Treasury Board Secretariat::Ontario Internal Audit Division::Community Services Audit Service Team,-333,Provides Service To,460,Community and Social Services::Business Planning and Corporate Services Division,,,Fournit des services à
4542,Treasury Board Secretariat::Ontario Internal Audit Division::Community Services Audit Service Team,-333,Provides Service To,3736,Children and Youth Services,,,Fournit des services à
4542,Treasury Board Secretariat::Ontario Internal Audit Division::Community Services Audit Service Team,-333,Provides Service To,128338,Children and Youth Services::Business Planning and Corporate Services Division,,,Fournit des services à
4542,Treasury Board Secretariat::Ontario Internal Audit Division::Community Services Audit Service Team,-333,Provides Service To,1146,Municipal Affairs and Housing::Business Management Division,,,Fournit des services à
4543,Treasury Board Secretariat::Ontario Internal Audit Division::Culture and Innovation Audit Service Team,-333,Provides Service To,405,Citizenship and Immigration,,,Fournit des services à
4543,Treasury Board Secretariat::Ontario Internal Audit Division::Culture and Innovation Audit Service Team,-333,Provides Service To,3398,"Tourism, Culture and Sport",,,Fournit des services à
4543,Treasury Board Secretariat::Ontario Internal Audit Division::Culture and Innovation Audit Service Team,-333,Provides Service To,646,"Economic Development, Job Creation and Trade::Deputy Minister's Office",,,Fournit des services à
4544,Treasury Board Secretariat::Ontario Internal Audit Division::Education Audit Service Team,-333,Provides Service To,131000,"Training, Colleges and Universities::Corporate Management and Services Division",,,Fournit des services à
4544,Treasury Board Secretariat::Ontario Internal Audit Division::Education Audit Service Team,-333,Provides Service To,654,Education::Corporate Management and Services Division,,,Fournit des services à
845,Treasury Board Secretariat::Ontario Internal Audit Division::Finance Audit Service Team - Oshawa,-333,Provides Service To,851,"Finance::Corporate & Quality Service Division, CAO/ ADM's Office",,,Fournit des services à
3076,Treasury Board Secretariat::Ontario Internal Audit Division::Finance Audit Service Team - Toronto,-333,Provides Service To,851,"Finance::Corporate & Quality Service Division, CAO/ ADM's Office",,,Fournit des services à
4545,Treasury Board Secretariat::Ontario Internal Audit Division::Government & Consumer Services Audit Service Team,-333,Provides Service To,6146,Government and Consumer Services::Deputy Minister of Government Services,,,Fournit des services à
4546,Treasury Board Secretariat::Ontario Internal Audit Division::Health Audit Service Team,-333,Provides Service To,920,Health and Long-Term Care::Corporate Services Division,,,Fournit des services à
4547,Treasury Board Secretariat::Ontario Internal Audit Division::Justice Audit Service Team - Orillia,-333,Provides Service To,345,Attorney General::Corporate Services Management Division,,,Fournit des services à
4547,Treasury Board Secretariat::Ontario Internal Audit Division::Justice Audit Service Team - Orillia,-333,Provides Service To,2258,Community Safety and Correctional Services::Corporate Services Division,,,Fournit des services à
4548,Treasury Board Secretariat::Ontario Internal Audit Division::Resources and Labour Audit Service Team,-333,Provides Service To,710,"Environment, Conservation and Parks::Deputy Minister's Office",,,Fournit des services à
4548,Treasury Board Secretariat::Ontario Internal Audit Division::Resources and Labour Audit Service Team,-333,Provides Service To,1000,Labour::Deputy Minister's Office,,,Fournit des services à
4548,Treasury Board Secretariat::Ontario Internal Audit Division::Resources and Labour Audit Service Team,-333,Provides Service To,1406,"Energy, Northern Development and Mines::Deputy Minister, Northern Development and Mines",,,Fournit des services à
4548,Treasury Board Secretariat::Ontario Internal Audit Division::Resources and Labour Audit Service Team,-333,Provides Service To,3759,Indigenous Affairs::Deputy Minister's Office,,,Fournit des services à
4548,Treasury Board Secretariat::Ontario Internal Audit Division::Resources and Labour Audit Service Team,-333,Provides Service To,1187,Natural Resources and Forestry::Deputy Minister's Office,,,Fournit des services à
4549,Treasury Board Secretariat::Ontario Internal Audit Division::Transportation and Agriculture Audit Service Team - St Catharines,-333,Provides Service To,1717,Transportation::Deputy Minister's Office,,,Fournit des services à
4549,Treasury Board Secretariat::Ontario Internal Audit Division::Transportation and Agriculture Audit Service Team - St Catharines,-333,Provides Service To,188,"Agriculture, Food and Rural Affairs::Research and Corporate Services Division",,,Fournit des services à
3407,Trillium Gift of Life Network,-332,Reporting To,909,Health and Long-Term Care,,,Relève de
4119,Walkerton Clean Water Centre,-332,Reporting To,707,"Environment, Conservation and Parks",,,Relève de
5406,Waterfront Toronto,-332,Reporting To,125586,Infrastructure,,,Relève de
1845,Windigo Interim Planning Board,-332,Reporting To,1183,Natural Resources and Forestry,,,Relève de
1825,Workplace Safety and Insurance Appeals Tribunal (Formerly Workers' Compensation Appeals Tribunal),-332,Reporting To,997,Labour,,,Relève de
1826,Workplace Safety and Insurance Board,-332,Reporting To,997,Labour,,,Relève de
5159,eHealth Ontario,-332,Reporting To,909,Health and Long-Term Care,,,Relève de
